const_lista_mu,const_lista_std,const_abb_mu,const_abb_std,const_bplus_mu,const_bplus_std,busq_lista_mu,busq_lista_std,busq_abb_mu,busq_abb_std,busq_bplus_mu,busq_bplus_std,Tipo,N,M
1.1639999502222054e-05,5.5518462049948294e-06,0.0010061799996037735,0.0003445545048813625,0.08778754000049957,0.016951457056258272,0.02371067999993102,0.004536165243683922,0.0007135599997127428,0.0001684478345635972,0.019009440000445466,0.0039883486484449835,Escalabilidad_N_Aleatorio,1000,1000
5.80000014451798e-06,1.615549780765718e-06,0.02075803999978234,0.0010223843521677358,0.06687032000045293,0.007788168321155229,0.01488629999985278,0.0018190120435265552,0.0200273800004652,0.0027715726763204505,0.0169132000002719,0.0035526425560737486,Escalabilidad_N_Ordenado,1000,1000
2.8459999521146527e-05,1.0667146224887341e-05,0.004089700000258744,0.0005066465876667215,1.6614853599996422,0.05465173731687677,0.08465027999991434,0.0048922078508487656,0.000826260000030743,9.761215579409351e-05,0.08095062000102189,0.0055409164410028895,Escalabilidad_N_Aleatorio,5000,1000
3.8019999919924885e-05,1.76209251026776e-05,0.5185148399996251,0.1340347322397675,1.812087679999604,0.21143288606550603,0.1385353599995142,0.09208558104583714,0.12430428000043321,0.05057757123621889,0.10007255999989866,0.03360973586795278,Escalabilidad_N_Ordenado,5000,1000
7.713999984844122e-05,2.7610559363584777e-05,0.016671340000175405,0.0062114705394223394,13.238500179999756,2.094437325199341,0.2534572399999888,0.07634510941612854,0.0015216200008580927,0.0004057273058177729,0.258548719999817,0.071169995279108,Escalabilidad_N_Aleatorio,10000,1000
7.923999983177055e-05,1.0218512722366118e-05,2.6878509600002873,0.7472354021047568,11.669566959999429,3.087484689948077,0.35312118000001647,0.10843725556020169,0.2676878799997212,0.0857655324890035,0.22331047999978182,0.09929346222605892,Escalabilidad_N_Ordenado,10000,1000
9.65600000199629e-05,5.347242580447977e-06,0.015744339999582736,0.0015963279158909805,20.180967400000007,0.2848469170600488,0.2655899399993359,0.006900145109026618,0.0011285199994745198,5.0755708749239776e-05,0.23612143999998808,0.013227500903968492,Escalabilidad_N_Aleatorio,15000,1000
0.0001517999997304287,2.6021048689120766e-05,5.125822399999743,1.4216353579781495,26.093778719999683,6.96980851291854,0.5913324999997712,0.2783269392159083,0.39500255999955697,0.1379927745985455,0.29377389999972364,0.08306648900945517,Escalabilidad_N_Ordenado,15000,1000
0.00014072000049054624,1.6207930730055847e-05,0.021936480000294977,0.002355146882658824,37.641505000001054,0.2012272353928515,0.34280995999870356,0.0027310573472021,0.0012295800006540958,0.0001767085371008049,0.31017007999980706,0.013906618035059772,Escalabilidad_N_Aleatorio,20000,1000
0.00021339999948395417,2.868301017143239e-05,7.575410839999677,0.04886370501951383,39.04197604000001,0.21954907354671072,0.5336195999989286,0.019797260934867493,0.3877059600010398,0.01253005291003838,0.3190260400006082,0.006999489781046525,Escalabilidad_N_Ordenado,20000,1000
5.105999953229912e-05,1.3102976088458392e-05,0.00904991999923368,0.0009988406718846646,7.880634679999639,0.07122508827885035,0.01861426000104984,0.0018902682057646014,0.00012856000030296854,1.748708049366193e-05,0.015963460000784836,0.002619859750558702,Variacion_M,10000,100
6.197999973664992e-05,5.8776698004599315e-06,0.010142539999651489,0.0018905082000668892,7.855958219999593,0.036473315819704685,0.08530102000077022,0.004554806208285419,0.0005340999996406026,0.00016778297161979254,0.07802212000096916,0.012552591515601334,Variacion_M,10000,500
7.361999960266984e-05,2.8843146248130473e-05,0.009134099999937462,0.0014150962671509752,7.740959379999549,0.07010407816427495,0.17033930000034161,0.007600939775304496,0.0009500400003162213,5.015379286812778e-05,0.14596397999994223,0.001716401212439215,Variacion_M,10000,1000
5.1299999904586e-05,1.7392520468780809e-06,0.008574420000513783,0.0007221243328498948,7.7808873199988735,0.08138379196990447,0.41641643999901135,0.005015535101972487,0.0020185799992759714,0.00012863493637416232,0.36280943999809095,0.010343139109974732,Variacion_M,10000,2500
5.518000034498982e-05,2.095869651098717e-05,0.009313900000415742,0.001593004775684179,7.7824612800002795,0.11438311253341045,0.8184163599995372,0.006212676012741684,0.003951319999760017,0.0005132755483230529,0.7360999000004085,0.014251812223524656,Variacion_M,10000,5000
